New York,New York
Los Angeles,California
Chicago,Illinois
Houston,Texas
Philadelphia,Pennsylvania
Phoenix,Arizona
San Antonio,Texas
San Diego,California
Dallas,Texas
San Jose,California
Indianapolis,Indiana
Jacksonville,Florida
San Francisco,California
Austin,Texas
Columbus,Ohio
Fort Worth,Texas
Charlotte,North Carolina
Detroit,Michigan
El Paso,Texas
Memphis,Tennessee
Baltimore,Maryland
Boston,Massachusetts
Seattle,Washington
Washington,District of Columbia
Denver,Colorado
Milwaukee,Wisconsin
Portland,Oregon
Las Vegas,Nevada
Oklahoma City,Oklahoma
Albuquerque,New Mexico
Nashville,Tennessee
Tucson,Arizona
Fresno,California
Sacramento,California
Long Beach,California
Kansas City,Missouri
Mesa,Arizona
Virginia Beach,Virginia
Atlanta,Georgia
Colorado Springs,Colorado
Omaha,Nebraska
Raleigh,North Carolina
Miami,Florida
Cleveland,Ohio
Tulsa,Oklahoma
Oakland,California
Minneapolis,Minnesota
Wichita,Kansas
Honolulu,Hawaii
Arlington,Texas
Bakersfield,California
New Orleans,Louisiana
Anaheim,California
Tampa,Florida
Aurora,Colorado
Santa Ana,California
Saint Louis,Missouri
Pittsburgh,Pennsylvania
Corpus Christi,Texas
Riverside,California
Cincinnati,Ohio
Lexington,Kentucky
Anchorage,Alaska
Stockton,California
Toledo,Ohio
Saint Paul,Minnesota
Newark,New Jersey
Greensboro,North Carolina
Buffalo,New York
Plano,Texas
Lincoln,Nebraska
Henderson,Nevada
Fort Wayne,Indiana
Jersey City,New Jersey
Saint Petersburg,Florida
Chula Vista,California
Louisville,Kentucky
Norfolk,Virginia
Orlando,Florida
Chandler,Arizona
Laredo,Texas
Madison,Wisconsin
Winston-Salem,North Carolina
Lubbock,Texas
Baton Rouge,Louisiana
Durham,North Carolina
Garland,Texas
Glendale,Arizona
Lexington,Kentucky
Reno,Nevada
Hialeah,Florida
Paradise,Nevada
Chesapeake,Virginia
Scottsdale,Arizona
North Las Vegas,Nevada
Irving,Texas
Fremont,California
Birmingham,Alabama
Rochester,New York
San Bernardino,California